Model,MAE,RMSE,MAPE
Ensemble,0.729150496395937,0.9616633376666345,1.0923772108546854
XGBoost,0.8405373096466064,1.1072468829616031,1.2259903271947201
LightGBM,1.0732893337678162,1.4129112009488778,1.6493378175074882
Baseline Forecast,8.387489999999998,10.05856395372178,23.030675485947494
